<?xml version="1.0" encoding="UTF-8"?>
<config xmlns:xsi='http://www.w3.org/2001/XMLSchema-instance'
		xmlns='http://www.ehcache.org/v3'
		xmlns:jsr107='http://www.ehcache.org/v3/jsr107'
		xsi:schemaLocation="
			http://www.ehcache.org/v3 http://www.ehcache.org/schema/ehcache-core-3.0.xsd
        	http://www.ehcache.org/v3/jsr107 http://www.ehcache.org/schema/ehcache-107-ext-3.0.xsd">

	<service>
		<jsr107:defaults default-template="padrao" />
	</service>

	<!--
	<cache alias="com.algaworks.curso.jpa.ecommerce.model.Categoria" uses-template="padrao">
		<expiry>
			<tti unit="seconds">10</tti>
		</expiry>
	</cache>
	-->

	<cache-template name="padrao">
		<key-type>java.lang.Object</key-type>
		<value-type>java.lang.Object</value-type>

		<expiry>
			<ttl unit="seconds">30</ttl>
		</expiry>

		<heap unit="entries">1000</heap>
	</cache-template>
</config>